objectid,datetimeprocessed,directionDegrees,displayState,latitude,longitude,sensorBits,sensorValues,sequenceId,servicetype,servicetype_timestamp,speedKmph,vehicle_name,vehicle_number
40027,6/28/2024 13:21,188,Idle,41.613931,-87.433748,2,"[""Sensor PTO1-OFF"",""Sensor PTO2-ON"",""Sensor PTO4-OFF""]",17170,Plowing,6/28/2024 13:21,0,147 - PUBLIC WORKS,147 - PUBLIC WORKS
40079,6/28/2024 13:21,188,Idle,41.613931,-87.433747,2,"[""Sensor PTO1-OFF"",""Sensor PTO2-ON"",""Sensor PTO4-OFF""]",17171,Plowing,6/28/2024 13:21,0,147 - PUBLIC WORKS,147 - PUBLIC WORKS
40132,6/28/2024 13:21,188,Idle,41.613932,-87.433752,2,"[""Sensor PTO1-OFF"",""Sensor PTO2-ON"",""Sensor PTO4-OFF""]",17172,Plowing,6/28/2024 13:21,0,147 - PUBLIC WORKS,147 - PUBLIC WORKS
40185,6/28/2024 13:21,188,Idle,41.613937,-87.433752,2,"[""Sensor PTO1-OFF"",""Sensor PTO2-ON"",""Sensor PTO4-OFF""]",17173,Plowing,6/28/2024 13:21,0,147 - PUBLIC WORKS,147 - PUBLIC WORKS
40236,6/28/2024 13:22,188,Idle,41.613935,-87.433753,2,"[""Sensor PTO1-OFF"",""Sensor PTO2-ON"",""Sensor PTO4-OFF""]",17174,Plowing,6/28/2024 13:22,0,147 - PUBLIC WORKS,147 - PUBLIC WORKS
40287,6/28/2024 13:22,188,Idle,41.613935,-87.433751,2,"[""Sensor PTO1-OFF"",""Sensor PTO2-ON"",""Sensor PTO4-OFF""]",17175,Plowing,6/28/2024 13:22,0,147 - PUBLIC WORKS,147 - PUBLIC WORKS
40341,6/28/2024 13:22,188,Idle,41.613927,-87.433745,2,"[""Sensor PTO1-OFF"",""Sensor PTO2-ON"",""Sensor PTO4-OFF""]",17176,Plowing,6/28/2024 13:22,0,147 - PUBLIC WORKS,147 - PUBLIC WORKS
40390,6/28/2024 13:22,188,Idle,41.613917,-87.433736,2,"[""Sensor PTO1-OFF"",""Sensor PTO2-ON"",""Sensor PTO4-OFF""]",17177,Plowing,6/28/2024 13:22,0,147 - PUBLIC WORKS,147 - PUBLIC WORKS
40441,6/28/2024 13:23,188,Idle,41.613907,-87.433734,2,"[""Sensor PTO1-OFF"",""Sensor PTO2-ON"",""Sensor PTO4-OFF""]",17178,Plowing,6/28/2024 13:23,0,147 - PUBLIC WORKS,147 - PUBLIC WORKS
40499,6/28/2024 13:23,188,Idle,41.613898,-87.43374,2,"[""Sensor PTO1-OFF"",""Sensor PTO2-ON"",""Sensor PTO4-OFF""]",17179,Plowing,6/28/2024 13:23,0,147 - PUBLIC WORKS,147 - PUBLIC WORKS
40555,6/28/2024 13:23,188,Idle,41.613893,-87.43374,2,"[""Sensor PTO1-OFF"",""Sensor PTO2-ON"",""Sensor PTO4-OFF""]",17180,Plowing,6/28/2024 13:23,0,147 - PUBLIC WORKS,147 - PUBLIC WORKS
40613,6/28/2024 13:23,188,Idle,41.6139,-87.433749,2,"[""Sensor PTO1-OFF"",""Sensor PTO2-ON"",""Sensor PTO4-OFF""]",17181,Plowing,6/28/2024 13:23,0,147 - PUBLIC WORKS,147 - PUBLIC WORKS
40666,6/28/2024 13:24,188,Idle,41.61391,-87.433753,2,"[""Sensor PTO1-OFF"",""Sensor PTO2-ON"",""Sensor PTO4-OFF""]",17182,Plowing,6/28/2024 13:24,0,147 - PUBLIC WORKS,147 - PUBLIC WORKS
40720,6/28/2024 13:24,188,Idle,41.613926,-87.433762,2,"[""Sensor PTO1-OFF"",""Sensor PTO2-ON"",""Sensor PTO4-OFF""]",17183,Plowing,6/28/2024 13:24,0,147 - PUBLIC WORKS,147 - PUBLIC WORKS
40778,6/28/2024 13:24,188,Idle,41.613932,-87.433763,2,"[""Sensor PTO1-OFF"",""Sensor PTO2-ON"",""Sensor PTO4-OFF""]",17184,Plowing,6/28/2024 13:24,0,147 - PUBLIC WORKS,147 - PUBLIC WORKS
40825,6/28/2024 13:24,188,Idle,41.613939,-87.433763,2,"[""Sensor PTO1-OFF"",""Sensor PTO2-ON"",""Sensor PTO4-OFF""]",17185,Plowing,6/28/2024 13:24,0,147 - PUBLIC WORKS,147 - PUBLIC WORKS
40879,6/28/2024 13:25,188,Idle,41.613946,-87.433767,2,"[""Sensor PTO1-OFF"",""Sensor PTO2-ON"",""Sensor PTO4-OFF""]",17186,Plowing,6/28/2024 13:25,0,147 - PUBLIC WORKS,147 - PUBLIC WORKS
40928,6/28/2024 13:25,188,Idle,41.613954,-87.433767,2,"[""Sensor PTO1-OFF"",""Sensor PTO2-ON"",""Sensor PTO4-OFF""]",17187,Plowing,6/28/2024 13:25,0,147 - PUBLIC WORKS,147 - PUBLIC WORKS
50000,6/28/2024 13:26,188,Idle,41.613957,-87.433771,2,"[""Sensor PTO1-OFF"",""Sensor PTO2-ON"",""Sensor PTO4-OFF""]",17188,Plowing,6/28/2024 13:25,0,147 - PUBLIC WORKS,147 - PUBLIC WORKS
50036,6/28/2024 13:26,188,Idle,41.613946,-87.433766,2,"[""Sensor PTO1-OFF"",""Sensor PTO2-ON"",""Sensor PTO4-OFF""]",17189,Plowing,6/28/2024 13:25,0,147 - PUBLIC WORKS,147 - PUBLIC WORKS
50073,6/28/2024 13:26,188,Idle,41.613936,-87.433762,2,"[""Sensor PTO1-OFF"",""Sensor PTO2-ON"",""Sensor PTO4-OFF""]",17190,Plowing,6/28/2024 13:26,0,147 - PUBLIC WORKS,147 - PUBLIC WORKS
50118,6/28/2024 13:26,188,Idle,41.613931,-87.43376,2,"[""Sensor PTO1-OFF"",""Sensor PTO2-ON"",""Sensor PTO4-OFF""]",17191,Plowing,6/28/2024 13:26,0,147 - PUBLIC WORKS,147 - PUBLIC WORKS
50122,6/28/2024 13:26,188,Idle,41.613931,-87.433756,2,"[""Sensor PTO1-OFF"",""Sensor PTO2-ON"",""Sensor PTO4-OFF""]",17192,Plowing,6/28/2024 13:26,0,147 - PUBLIC WORKS,147 - PUBLIC WORKS
50269,6/28/2024 13:26,188,Idle,41.613926,-87.433754,2,"[""Sensor PTO1-OFF"",""Sensor PTO2-ON"",""Sensor PTO4-OFF""]",17193,Plowing,6/28/2024 13:26,0,147 - PUBLIC WORKS,147 - PUBLIC WORKS
50332,6/28/2024 13:27,188,Idle,41.613934,-87.433753,2,"[""Sensor PTO1-OFF"",""Sensor PTO2-ON"",""Sensor PTO4-OFF""]",17194,Plowing,6/28/2024 13:27,0,147 - PUBLIC WORKS,147 - PUBLIC WORKS
50392,6/28/2024 13:27,188,Idle,41.613937,-87.43375,2,"[""Sensor PTO1-OFF"",""Sensor PTO2-ON"",""Sensor PTO4-OFF""]",17195,Plowing,6/28/2024 13:27,0,147 - PUBLIC WORKS,147 - PUBLIC WORKS
50446,6/28/2024 13:27,188,Idle,41.613935,-87.433743,2,"[""Sensor PTO1-OFF"",""Sensor PTO2-ON"",""Sensor PTO4-OFF""]",17196,Plowing,6/28/2024 13:27,0,147 - PUBLIC WORKS,147 - PUBLIC WORKS
50487,6/28/2024 13:27,188,Idle,41.613933,-87.433731,2,"[""Sensor PTO1-OFF"",""Sensor PTO2-ON"",""Sensor PTO4-OFF""]",17197,Plowing,6/28/2024 13:27,0,147 - PUBLIC WORKS,147 - PUBLIC WORKS
50549,6/28/2024 13:28,188,Idle,41.61393,-87.433727,2,"[""Sensor PTO1-OFF"",""Sensor PTO2-ON"",""Sensor PTO4-OFF""]",17198,Plowing,6/28/2024 13:28,0,147 - PUBLIC WORKS,147 - PUBLIC WORKS
50605,6/28/2024 13:28,188,Idle,41.613931,-87.433723,2,"[""Sensor PTO1-OFF"",""Sensor PTO2-ON"",""Sensor PTO4-OFF""]",17199,Plowing,6/28/2024 13:28,0,147 - PUBLIC WORKS,147 - PUBLIC WORKS
50654,6/28/2024 13:28,188,Idle,41.613927,-87.433728,2,"[""Sensor PTO1-OFF"",""Sensor PTO2-ON"",""Sensor PTO4-OFF""]",17200,Plowing,6/28/2024 13:28,0,147 - PUBLIC WORKS,147 - PUBLIC WORKS
50704,6/28/2024 13:28,188,Idle,41.613918,-87.433729,2,"[""Sensor PTO1-OFF"",""Sensor PTO2-ON"",""Sensor PTO4-OFF""]",17201,Plowing,6/28/2024 13:28,0,147 - PUBLIC WORKS,147 - PUBLIC WORKS
50754,6/28/2024 13:29,188,Idle,41.613913,-87.433728,2,"[""Sensor PTO1-OFF"",""Sensor PTO2-ON"",""Sensor PTO4-OFF""]",17202,Plowing,6/28/2024 13:29,0,147 - PUBLIC WORKS,147 - PUBLIC WORKS
50801,6/28/2024 13:29,188,Idle,41.613917,-87.433727,2,"[""Sensor PTO1-OFF"",""Sensor PTO2-ON"",""Sensor PTO4-OFF""]",17203,Plowing,6/28/2024 13:29,0,147 - PUBLIC WORKS,147 - PUBLIC WORKS
50863,6/28/2024 13:29,188,Idle,41.613922,-87.433731,2,"[""Sensor PTO1-OFF"",""Sensor PTO2-ON"",""Sensor PTO4-OFF""]",17204,Plowing,6/28/2024 13:29,0,147 - PUBLIC WORKS,147 - PUBLIC WORKS
50913,6/28/2024 13:29,188,Idle,41.613924,-87.43373,2,"[""Sensor PTO1-OFF"",""Sensor PTO2-ON"",""Sensor PTO4-OFF""]",17205,Plowing,6/28/2024 13:29,0,147 - PUBLIC WORKS,147 - PUBLIC WORKS
50972,6/28/2024 13:30,188,Idle,41.613928,-87.43373,2,"[""Sensor PTO1-OFF"",""Sensor PTO2-ON"",""Sensor PTO4-OFF""]",17206,Plowing,6/28/2024 13:30,0,147 - PUBLIC WORKS,147 - PUBLIC WORKS
51029,6/28/2024 13:30,188,Idle,41.613926,-87.433731,2,"[""Sensor PTO1-OFF"",""Sensor PTO2-ON"",""Sensor PTO4-OFF""]",17207,Plowing,6/28/2024 13:30,0,147 - PUBLIC WORKS,147 - PUBLIC WORKS
51080,6/28/2024 13:30,188,Idle,41.613917,-87.433729,2,"[""Sensor PTO1-OFF"",""Sensor PTO2-ON"",""Sensor PTO4-OFF""]",17208,Plowing,6/28/2024 13:30,0,147 - PUBLIC WORKS,147 - PUBLIC WORKS
51132,6/28/2024 13:30,188,Idle,41.613914,-87.433725,2,"[""Sensor PTO1-OFF"",""Sensor PTO2-ON"",""Sensor PTO4-OFF""]",17209,Plowing,6/28/2024 13:30,0,147 - PUBLIC WORKS,147 - PUBLIC WORKS
51186,6/28/2024 13:31,188,Idle,41.613911,-87.433724,2,"[""Sensor PTO1-OFF"",""Sensor PTO2-ON"",""Sensor PTO4-OFF""]",17210,Plowing,6/28/2024 13:31,0,147 - PUBLIC WORKS,147 - PUBLIC WORKS
51244,6/28/2024 13:31,188,Idle,41.613907,-87.433724,2,"[""Sensor PTO1-OFF"",""Sensor PTO2-ON"",""Sensor PTO4-OFF""]",17211,Plowing,6/28/2024 13:31,0,147 - PUBLIC WORKS,147 - PUBLIC WORKS
51297,6/28/2024 13:31,188,Idle,41.613902,-87.433721,2,"[""Sensor PTO1-OFF"",""Sensor PTO2-ON"",""Sensor PTO4-OFF""]",17212,Plowing,6/28/2024 13:31,0,147 - PUBLIC WORKS,147 - PUBLIC WORKS
51352,6/28/2024 13:31,188,Idle,41.613914,-87.433727,2,"[""Sensor PTO1-OFF"",""Sensor PTO2-ON"",""Sensor PTO4-OFF""]",17213,Plowing,6/28/2024 13:31,0,147 - PUBLIC WORKS,147 - PUBLIC WORKS
51408,6/28/2024 13:32,188,Idle,41.613923,-87.433736,2,"[""Sensor PTO1-OFF"",""Sensor PTO2-ON"",""Sensor PTO4-OFF""]",17214,Plowing,6/28/2024 13:32,0,147 - PUBLIC WORKS,147 - PUBLIC WORKS
51462,6/28/2024 13:32,188,Idle,41.61393,-87.433736,2,"[""Sensor PTO1-OFF"",""Sensor PTO2-ON"",""Sensor PTO4-OFF""]",17215,Plowing,6/28/2024 13:32,0,147 - PUBLIC WORKS,147 - PUBLIC WORKS
51516,6/28/2024 13:32,188,Idle,41.613934,-87.433743,2,"[""Sensor PTO1-OFF"",""Sensor PTO2-ON"",""Sensor PTO4-OFF""]",17216,Plowing,6/28/2024 13:32,0,147 - PUBLIC WORKS,147 - PUBLIC WORKS
51572,6/28/2024 13:32,188,Idle,41.613938,-87.433749,2,"[""Sensor PTO1-OFF"",""Sensor PTO2-ON"",""Sensor PTO4-OFF""]",17217,Plowing,6/28/2024 13:32,0,147 - PUBLIC WORKS,147 - PUBLIC WORKS
51652,6/28/2024 13:33,188,Idle,41.613934,-87.433743,2,"[""Sensor PTO1-OFF"",""Sensor PTO2-ON"",""Sensor PTO4-OFF""]",17218,Plowing,6/28/2024 13:33,0,147 - PUBLIC WORKS,147 - PUBLIC WORKS
51722,6/28/2024 13:33,188,Idle,41.61392,-87.433731,2,"[""Sensor PTO1-OFF"",""Sensor PTO2-ON"",""Sensor PTO4-OFF""]",17219,Plowing,6/28/2024 13:33,0,147 - PUBLIC WORKS,147 - PUBLIC WORKS
51769,6/28/2024 13:33,188,Idle,41.613911,-87.433728,2,"[""Sensor PTO1-OFF"",""Sensor PTO2-ON"",""Sensor PTO4-OFF""]",17220,Plowing,6/28/2024 13:33,0,147 - PUBLIC WORKS,147 - PUBLIC WORKS
51827,6/28/2024 13:33,188,Idle,41.613908,-87.433729,2,"[""Sensor PTO1-OFF"",""Sensor PTO2-ON"",""Sensor PTO4-OFF""]",17221,Plowing,6/28/2024 13:33,0,147 - PUBLIC WORKS,147 - PUBLIC WORKS
51887,6/28/2024 13:34,188,Idle,41.613906,-87.433731,2,"[""Sensor PTO1-OFF"",""Sensor PTO2-ON"",""Sensor PTO4-OFF""]",17222,Plowing,6/28/2024 13:34,0,147 - PUBLIC WORKS,147 - PUBLIC WORKS
51938,6/28/2024 13:34,119,Idle,41.613901,-87.433728,2,"[""Sensor PTO1-OFF"",""Sensor PTO2-ON"",""Sensor PTO4-OFF""]",17223,Plowing,6/28/2024 13:34,0,147 - PUBLIC WORKS,147 - PUBLIC WORKS
51999,6/28/2024 13:34,119,Idle,41.613907,-87.433734,2,"[""Sensor PTO1-OFF"",""Sensor PTO2-ON"",""Sensor PTO4-OFF""]",17224,Plowing,6/28/2024 13:34,0,147 - PUBLIC WORKS,147 - PUBLIC WORKS
52026,6/28/2024 13:34,119,Idle,41.613911,-87.433734,0,"[""Sensor PTO1-OFF"",""Sensor PTO2-OFF"",""Sensor PTO4-OFF""]",17225,In-transit,6/28/2024 13:34,0,147 - PUBLIC WORKS,147 - PUBLIC WORKS
52089,6/28/2024 13:35,119,Idle,41.613911,-87.433729,0,"[""Sensor PTO1-OFF"",""Sensor PTO2-OFF"",""Sensor PTO4-OFF""]",17226,In-transit,6/28/2024 13:34,0,147 - PUBLIC WORKS,147 - PUBLIC WORKS
52137,6/28/2024 13:35,243,Idle,41.613918,-87.433733,0,"[""Sensor PTO1-OFF"",""Sensor PTO2-OFF"",""Sensor PTO4-OFF""]",17227,In-transit,6/28/2024 13:35,0,147 - PUBLIC WORKS,147 - PUBLIC WORKS
52192,6/28/2024 13:35,268,Idle,41.613938,-87.433775,0,"[""Sensor PTO1-OFF"",""Sensor PTO2-OFF"",""Sensor PTO4-OFF""]",17228,In-transit,6/28/2024 13:35,3,147 - PUBLIC WORKS,147 - PUBLIC WORKS
52207,6/28/2024 13:35,276,Idle,41.613941,-87.433802,0,"[""Sensor PTO1-OFF"",""Sensor PTO2-OFF"",""Sensor PTO4-OFF""]",17229,In-transit,6/28/2024 13:35,4,147 - PUBLIC WORKS,147 - PUBLIC WORKS
52299,6/28/2024 13:36,278,Idle,41.61397,-87.434109,0,"[""Sensor PTO1-OFF"",""Sensor PTO2-OFF"",""Sensor PTO4-OFF""]",17230,In-transit,6/28/2024 13:35,0,147 - PUBLIC WORKS,147 - PUBLIC WORKS
52361,6/28/2024 13:36,278,Stop,41.61397,-87.434109,0,"[""Sensor PTO1-OFF"",""Sensor PTO2-OFF"",""Sensor PTO4-OFF""]",17231,In-transit,6/28/2024 13:35,0,147 - PUBLIC WORKS,147 - PUBLIC WORKS
52359,6/28/2024 13:36,278,Idle,41.613979,-87.434121,0,"[""Sensor PTO1-OFF"",""Sensor PTO2-OFF"",""Sensor PTO4-OFF""]",17232,In-transit,6/28/2024 13:36,0,147 - PUBLIC WORKS,147 - PUBLIC WORKS
52406,6/28/2024 13:36,278,Idle,41.61399,-87.434119,0,"[""Sensor PTO1-OFF"",""Sensor PTO2-OFF"",""Sensor PTO4-OFF""]",17233,In-transit,6/28/2024 13:36,0,147 - PUBLIC WORKS,147 - PUBLIC WORKS
52464,6/28/2024 13:36,278,Idle,41.613987,-87.434124,0,"[""Sensor PTO1-OFF"",""Sensor PTO2-OFF"",""Sensor PTO4-OFF""]",17234,In-transit,6/28/2024 13:36,0,147 - PUBLIC WORKS,147 - PUBLIC WORKS
52520,6/28/2024 13:37,278,Idle,41.613984,-87.43413,0,"[""Sensor PTO1-OFF"",""Sensor PTO2-OFF"",""Sensor PTO4-OFF""]",17235,In-transit,6/28/2024 13:36,0,147 - PUBLIC WORKS,147 - PUBLIC WORKS
52579,6/28/2024 13:37,278,Idle,41.613985,-87.434127,0,"[""Sensor PTO1-OFF"",""Sensor PTO2-OFF"",""Sensor PTO4-OFF""]",17236,In-transit,6/28/2024 13:37,0,147 - PUBLIC WORKS,147 - PUBLIC WORKS
52631,6/28/2024 13:37,278,Idle,41.613983,-87.434135,0,"[""Sensor PTO1-OFF"",""Sensor PTO2-OFF"",""Sensor PTO4-OFF""]",17237,In-transit,6/28/2024 13:37,0,147 - PUBLIC WORKS,147 - PUBLIC WORKS
52689,6/28/2024 13:37,278,Idle,41.613989,-87.434135,0,"[""Sensor PTO1-OFF"",""Sensor PTO2-OFF"",""Sensor PTO4-OFF""]",17238,In-transit,6/28/2024 13:37,0,147 - PUBLIC WORKS,147 - PUBLIC WORKS
52743,6/28/2024 13:38,278,Idle,41.614007,-87.434131,0,"[""Sensor PTO1-OFF"",""Sensor PTO2-OFF"",""Sensor PTO4-OFF""]",17239,In-transit,6/28/2024 13:37,0,147 - PUBLIC WORKS,147 - PUBLIC WORKS
52796,6/28/2024 13:38,278,Idle,41.614001,-87.434129,0,"[""Sensor PTO1-OFF"",""Sensor PTO2-OFF"",""Sensor PTO4-OFF""]",17240,In-transit,6/28/2024 13:38,0,147 - PUBLIC WORKS,147 - PUBLIC WORKS
52860,6/28/2024 13:38,278,Idle,41.614003,-87.434141,0,"[""Sensor PTO1-OFF"",""Sensor PTO2-OFF"",""Sensor PTO4-OFF""]",17241,In-transit,6/28/2024 13:38,0,147 - PUBLIC WORKS,147 - PUBLIC WORKS
52900,6/28/2024 13:38,278,Idle,41.613997,-87.434138,0,"[""Sensor PTO1-OFF"",""Sensor PTO2-OFF"",""Sensor PTO4-OFF""]",17242,In-transit,6/28/2024 13:38,0,147 - PUBLIC WORKS,147 - PUBLIC WORKS
52959,6/28/2024 13:39,278,Idle,41.613991,-87.434125,0,"[""Sensor PTO1-OFF"",""Sensor PTO2-OFF"",""Sensor PTO4-OFF""]",17243,In-transit,6/28/2024 13:38,0,147 - PUBLIC WORKS,147 - PUBLIC WORKS
53017,6/28/2024 13:39,278,Idle,41.61398,-87.434117,0,"[""Sensor PTO1-OFF"",""Sensor PTO2-OFF"",""Sensor PTO4-OFF""]",17244,In-transit,6/28/2024 13:39,0,147 - PUBLIC WORKS,147 - PUBLIC WORKS
53079,6/28/2024 13:39,278,Idle,41.613974,-87.43411,0,"[""Sensor PTO1-OFF"",""Sensor PTO2-OFF"",""Sensor PTO4-OFF""]",17245,In-transit,6/28/2024 13:39,0,147 - PUBLIC WORKS,147 - PUBLIC WORKS
53129,6/28/2024 13:39,278,Idle,41.613977,-87.434117,0,"[""Sensor PTO1-OFF"",""Sensor PTO2-OFF"",""Sensor PTO4-OFF""]",17246,In-transit,6/28/2024 13:39,0,147 - PUBLIC WORKS,147 - PUBLIC WORKS
53188,6/28/2024 13:40,278,Idle,41.613997,-87.434124,0,"[""Sensor PTO1-OFF"",""Sensor PTO2-OFF"",""Sensor PTO4-OFF""]",17247,In-transit,6/28/2024 13:39,0,147 - PUBLIC WORKS,147 - PUBLIC WORKS
53238,6/28/2024 13:40,278,Idle,41.614016,-87.43413,0,"[""Sensor PTO1-OFF"",""Sensor PTO2-OFF"",""Sensor PTO4-OFF""]",17248,In-transit,6/28/2024 13:40,0,147 - PUBLIC WORKS,147 - PUBLIC WORKS
53291,6/28/2024 13:40,278,Idle,41.614015,-87.434122,0,"[""Sensor PTO1-OFF"",""Sensor PTO2-OFF"",""Sensor PTO4-OFF""]",17249,In-transit,6/28/2024 13:40,0,147 - PUBLIC WORKS,147 - PUBLIC WORKS
53351,6/28/2024 13:40,278,Idle,41.614004,-87.434108,0,"[""Sensor PTO1-OFF"",""Sensor PTO2-OFF"",""Sensor PTO4-OFF""]",17250,In-transit,6/28/2024 13:40,0,147 - PUBLIC WORKS,147 - PUBLIC WORKS
53398,6/28/2024 13:41,278,Idle,41.613988,-87.434107,0,"[""Sensor PTO1-OFF"",""Sensor PTO2-OFF"",""Sensor PTO4-OFF""]",17251,In-transit,6/28/2024 13:40,0,147 - PUBLIC WORKS,147 - PUBLIC WORKS
53446,6/28/2024 13:41,278,Idle,41.613985,-87.434101,0,"[""Sensor PTO1-OFF"",""Sensor PTO2-OFF"",""Sensor PTO4-OFF""]",17252,In-transit,6/28/2024 13:41,0,147 - PUBLIC WORKS,147 - PUBLIC WORKS
53507,6/28/2024 13:41,278,Idle,41.613982,-87.434095,0,"[""Sensor PTO1-OFF"",""Sensor PTO2-OFF"",""Sensor PTO4-OFF""]",17253,In-transit,6/28/2024 13:41,0,147 - PUBLIC WORKS,147 - PUBLIC WORKS
53568,6/28/2024 13:41,278,Idle,41.61398,-87.434094,0,"[""Sensor PTO1-OFF"",""Sensor PTO2-OFF"",""Sensor PTO4-OFF""]",17254,In-transit,6/28/2024 13:41,0,147 - PUBLIC WORKS,147 - PUBLIC WORKS
53622,6/28/2024 13:42,278,Idle,41.613991,-87.4341,0,"[""Sensor PTO1-OFF"",""Sensor PTO2-OFF"",""Sensor PTO4-OFF""]",17255,In-transit,6/28/2024 13:41,0,147 - PUBLIC WORKS,147 - PUBLIC WORKS
53676,6/28/2024 13:42,278,Idle,41.613998,-87.434105,0,"[""Sensor PTO1-OFF"",""Sensor PTO2-OFF"",""Sensor PTO4-OFF""]",17256,In-transit,6/28/2024 13:42,0,147 - PUBLIC WORKS,147 - PUBLIC WORKS
53733,6/28/2024 13:42,278,Idle,41.613996,-87.434114,0,"[""Sensor PTO1-OFF"",""Sensor PTO2-OFF"",""Sensor PTO4-OFF""]",17257,In-transit,6/28/2024 13:42,0,147 - PUBLIC WORKS,147 - PUBLIC WORKS
53792,6/28/2024 13:42,278,Idle,41.613993,-87.434114,0,"[""Sensor PTO1-OFF"",""Sensor PTO2-OFF"",""Sensor PTO4-OFF""]",17258,In-transit,6/28/2024 13:42,0,147 - PUBLIC WORKS,147 - PUBLIC WORKS
53842,6/28/2024 13:43,278,Idle,41.613988,-87.434116,0,"[""Sensor PTO1-OFF"",""Sensor PTO2-OFF"",""Sensor PTO4-OFF""]",17259,In-transit,6/28/2024 13:42,0,147 - PUBLIC WORKS,147 - PUBLIC WORKS
53900,6/28/2024 13:43,278,Idle,41.613993,-87.43412,0,"[""Sensor PTO1-OFF"",""Sensor PTO2-OFF"",""Sensor PTO4-OFF""]",17260,In-transit,6/28/2024 13:43,0,147 - PUBLIC WORKS,147 - PUBLIC WORKS
53959,6/28/2024 13:43,278,Idle,41.613996,-87.434101,0,"[""Sensor PTO1-OFF"",""Sensor PTO2-OFF"",""Sensor PTO4-OFF""]",17261,In-transit,6/28/2024 13:43,0,147 - PUBLIC WORKS,147 - PUBLIC WORKS
54023,6/28/2024 13:43,278,Idle,41.614001,-87.434089,0,"[""Sensor PTO1-OFF"",""Sensor PTO2-OFF"",""Sensor PTO4-OFF""]",17262,In-transit,6/28/2024 13:43,0,147 - PUBLIC WORKS,147 - PUBLIC WORKS
54078,6/28/2024 13:44,278,Idle,41.614002,-87.434095,0,"[""Sensor PTO1-OFF"",""Sensor PTO2-OFF"",""Sensor PTO4-OFF""]",17263,In-transit,6/28/2024 13:43,0,147 - PUBLIC WORKS,147 - PUBLIC WORKS
54121,6/28/2024 13:44,278,Idle,41.613999,-87.4341,0,"[""Sensor PTO1-OFF"",""Sensor PTO2-OFF"",""Sensor PTO4-OFF""]",17264,In-transit,6/28/2024 13:44,0,147 - PUBLIC WORKS,147 - PUBLIC WORKS
54184,6/28/2024 13:44,278,Idle,41.61399,-87.434105,0,"[""Sensor PTO1-OFF"",""Sensor PTO2-OFF"",""Sensor PTO4-OFF""]",17265,In-transit,6/28/2024 13:44,0,147 - PUBLIC WORKS,147 - PUBLIC WORKS
54230,6/28/2024 13:44,278,Idle,41.613999,-87.434116,0,"[""Sensor PTO1-OFF"",""Sensor PTO2-OFF"",""Sensor PTO4-OFF""]",17266,In-transit,6/28/2024 13:44,0,147 - PUBLIC WORKS,147 - PUBLIC WORKS
54300,6/28/2024 13:45,278,Idle,41.614004,-87.434113,0,"[""Sensor PTO1-OFF"",""Sensor PTO2-OFF"",""Sensor PTO4-OFF""]",17267,In-transit,6/28/2024 13:44,0,147 - PUBLIC WORKS,147 - PUBLIC WORKS
54365,6/28/2024 13:45,278,Idle,41.614004,-87.434118,0,"[""Sensor PTO1-OFF"",""Sensor PTO2-OFF"",""Sensor PTO4-OFF""]",17268,In-transit,6/28/2024 13:45,0,147 - PUBLIC WORKS,147 - PUBLIC WORKS
54421,6/28/2024 13:45,278,Idle,41.614011,-87.434123,0,"[""Sensor PTO1-OFF"",""Sensor PTO2-OFF"",""Sensor PTO4-OFF""]",17269,In-transit,6/28/2024 13:45,0,147 - PUBLIC WORKS,147 - PUBLIC WORKS
54465,6/28/2024 13:45,278,Idle,41.614006,-87.43414,0,"[""Sensor PTO1-OFF"",""Sensor PTO2-OFF"",""Sensor PTO4-OFF""]",17270,In-transit,6/28/2024 13:45,0,147 - PUBLIC WORKS,147 - PUBLIC WORKS
54490,6/28/2024 13:46,237,Idle,41.613987,-87.434183,0,"[""Sensor PTO1-OFF"",""Sensor PTO2-OFF"",""Sensor PTO4-OFF""]",17271,In-transit,6/28/2024 13:45,5,147 - PUBLIC WORKS,147 - PUBLIC WORKS
54541,6/28/2024 13:46,237,Moving,41.613987,-87.434183,0,"[""Sensor PTO1-OFF"",""Sensor PTO2-OFF"",""Sensor PTO4-OFF""]",17272,In-transit,6/28/2024 13:45,5,147 - PUBLIC WORKS,147 - PUBLIC WORKS
54542,6/28/2024 13:46,307,Moving,41.61383,-87.434606,0,"[""Sensor PTO1-OFF"",""Sensor PTO2-OFF"",""Sensor PTO4-OFF""]",17273,In-transit,6/28/2024 13:46,14,147 - PUBLIC WORKS,147 - PUBLIC WORKS
54589,6/28/2024 13:46,359,Moving,41.614354,-87.434871,0,"[""Sensor PTO1-OFF"",""Sensor PTO2-OFF"",""Sensor PTO4-OFF""]",17274,In-transit,6/28/2024 13:46,17,147 - PUBLIC WORKS,147 - PUBLIC WORKS
54641,6/28/2024 13:46,358,Moving,41.61496,-87.434898,0,"[""Sensor PTO1-OFF"",""Sensor PTO2-OFF"",""Sensor PTO4-OFF""]",17275,In-transit,6/28/2024 13:46,20,147 - PUBLIC WORKS,147 - PUBLIC WORKS
54692,6/28/2024 13:46,27,Moving,41.615687,-87.434874,0,"[""Sensor PTO1-OFF"",""Sensor PTO2-OFF"",""Sensor PTO4-OFF""]",17276,In-transit,6/28/2024 13:46,9,147 - PUBLIC WORKS,147 - PUBLIC WORKS
54757,6/28/2024 13:47,89,Moving,41.61574,-87.433896,0,"[""Sensor PTO1-OFF"",""Sensor PTO2-OFF"",""Sensor PTO4-OFF""]",17277,In-transit,6/28/2024 13:47,23,147 - PUBLIC WORKS,147 - PUBLIC WORKS
54811,6/28/2024 13:47,86,Moving,41.615731,-87.432905,0,"[""Sensor PTO1-OFF"",""Sensor PTO2-OFF"",""Sensor PTO4-OFF""]",17278,In-transit,6/28/2024 13:47,17,147 - PUBLIC WORKS,147 - PUBLIC WORKS
54865,6/28/2024 13:47,320,Moving,41.616245,-87.432729,0,"[""Sensor PTO1-OFF"",""Sensor PTO2-OFF"",""Sensor PTO4-OFF""]",17279,In-transit,6/28/2024 13:47,16,147 - PUBLIC WORKS,147 - PUBLIC WORKS
54917,6/28/2024 13:47,349,Moving,41.616502,-87.433027,0,"[""Sensor PTO1-OFF"",""Sensor PTO2-OFF"",""Sensor PTO4-OFF""]",17280,In-transit,6/28/2024 13:47,8,147 - PUBLIC WORKS,147 - PUBLIC WORKS
54981,6/28/2024 13:48,81,Moving,41.616752,-87.432682,0,"[""Sensor PTO1-OFF"",""Sensor PTO2-OFF"",""Sensor PTO4-OFF""]",17281,In-transit,6/28/2024 13:48,10,147 - PUBLIC WORKS,147 - PUBLIC WORKS
55037,6/28/2024 13:48,0,Moving,41.617317,-87.432527,0,"[""Sensor PTO1-OFF"",""Sensor PTO2-OFF"",""Sensor PTO4-OFF""]",17282,In-transit,6/28/2024 13:48,16,147 - PUBLIC WORKS,147 - PUBLIC WORKS
55099,6/28/2024 13:48,283,Moving,41.61765,-87.432825,0,"[""Sensor PTO1-OFF"",""Sensor PTO2-OFF"",""Sensor PTO4-OFF""]",17283,In-transit,6/28/2024 13:48,23,147 - PUBLIC WORKS,147 - PUBLIC WORKS
55143,6/28/2024 13:48,291,Moving,41.617929,-87.43444,0,"[""Sensor PTO1-OFF"",""Sensor PTO2-OFF"",""Sensor PTO4-OFF""]",17284,In-transit,6/28/2024 13:48,38,147 - PUBLIC WORKS,147 - PUBLIC WORKS
55201,6/28/2024 13:49,303,Moving,41.6186,-87.436192,0,"[""Sensor PTO1-OFF"",""Sensor PTO2-OFF"",""Sensor PTO4-OFF""]",17285,In-transit,6/28/2024 13:49,39,147 - PUBLIC WORKS,147 - PUBLIC WORKS
55253,6/28/2024 13:49,304,Moving,41.619469,-87.437876,0,"[""Sensor PTO1-OFF"",""Sensor PTO2-OFF"",""Sensor PTO4-OFF""]",17286,In-transit,6/28/2024 13:49,44,147 - PUBLIC WORKS,147 - PUBLIC WORKS
55313,6/28/2024 13:49,305,Moving,41.620422,-87.439679,0,"[""Sensor PTO1-OFF"",""Sensor PTO2-OFF"",""Sensor PTO4-OFF""]",17287,In-transit,6/28/2024 13:49,43,147 - PUBLIC WORKS,147 - PUBLIC WORKS
55378,6/28/2024 13:49,304,Moving,41.621356,-87.441466,0,"[""Sensor PTO1-OFF"",""Sensor PTO2-OFF"",""Sensor PTO4-OFF""]",17288,In-transit,6/28/2024 13:49,48,147 - PUBLIC WORKS,147 - PUBLIC WORKS
55431,6/28/2024 13:50,305,Moving,41.622367,-87.443402,0,"[""Sensor PTO1-OFF"",""Sensor PTO2-OFF"",""Sensor PTO4-OFF""]",17289,In-transit,6/28/2024 13:50,43,147 - PUBLIC WORKS,147 - PUBLIC WORKS
55489,6/28/2024 13:50,274,Moving,41.6228,-87.445278,0,"[""Sensor PTO1-OFF"",""Sensor PTO2-OFF"",""Sensor PTO4-OFF""]",17290,In-transit,6/28/2024 13:50,41,147 - PUBLIC WORKS,147 - PUBLIC WORKS
55550,6/28/2024 13:50,304,Moving,41.623474,-87.447157,0,"[""Sensor PTO1-OFF"",""Sensor PTO2-OFF"",""Sensor PTO4-OFF""]",17291,In-transit,6/28/2024 13:50,45,147 - PUBLIC WORKS,147 - PUBLIC WORKS
55604,6/28/2024 13:50,306,Moving,41.624436,-87.449,0,"[""Sensor PTO1-OFF"",""Sensor PTO2-OFF"",""Sensor PTO4-OFF""]",17292,In-transit,6/28/2024 13:50,43,147 - PUBLIC WORKS,147 - PUBLIC WORKS
55667,6/28/2024 13:51,306,Moving,41.625275,-87.450607,0,"[""Sensor PTO1-OFF"",""Sensor PTO2-OFF"",""Sensor PTO4-OFF""]",17293,In-transit,6/28/2024 13:51,35,147 - PUBLIC WORKS,147 - PUBLIC WORKS
55715,6/28/2024 13:51,307,Moving,41.625901,-87.451781,0,"[""Sensor PTO1-OFF"",""Sensor PTO2-OFF"",""Sensor PTO4-OFF""]",17294,In-transit,6/28/2024 13:51,19,147 - PUBLIC WORKS,147 - PUBLIC WORKS
55778,6/28/2024 13:51,178,Moving,41.625393,-87.452016,0,"[""Sensor PTO1-OFF"",""Sensor PTO2-OFF"",""Sensor PTO4-OFF""]",17295,In-transit,6/28/2024 13:51,30,147 - PUBLIC WORKS,147 - PUBLIC WORKS
55833,6/28/2024 13:51,241,Moving,41.624508,-87.452135,0,"[""Sensor PTO1-OFF"",""Sensor PTO2-OFF"",""Sensor PTO4-OFF""]",17296,In-transit,6/28/2024 13:51,18,147 - PUBLIC WORKS,147 - PUBLIC WORKS
55893,6/28/2024 13:52,269,Moving,41.6245,-87.453173,0,"[""Sensor PTO1-OFF"",""Sensor PTO2-OFF"",""Sensor PTO4-OFF""]",17297,In-transit,6/28/2024 13:52,19,147 - PUBLIC WORKS,147 - PUBLIC WORKS
55938,6/28/2024 13:52,274,Moving,41.624517,-87.454335,0,"[""Sensor PTO1-OFF"",""Sensor PTO2-OFF"",""Sensor PTO4-OFF""]",17298,In-transit,6/28/2024 13:52,17,147 - PUBLIC WORKS,147 - PUBLIC WORKS
55991,6/28/2024 13:52,273,Moving,41.624554,-87.455442,0,"[""Sensor PTO1-OFF"",""Sensor PTO2-OFF"",""Sensor PTO4-OFF""]",17299,In-transit,6/28/2024 13:52,17,147 - PUBLIC WORKS,147 - PUBLIC WORKS
56047,6/28/2024 13:53,271,Moving,41.624578,-87.45654,0,"[""Sensor PTO1-OFF"",""Sensor PTO2-OFF"",""Sensor PTO4-OFF""]",17300,In-transit,6/28/2024 13:52,18,147 - PUBLIC WORKS,147 - PUBLIC WORKS
56112,6/28/2024 13:53,272,Moving,41.624613,-87.457673,0,"[""Sensor PTO1-OFF"",""Sensor PTO2-OFF"",""Sensor PTO4-OFF""]",17301,In-transit,6/28/2024 13:53,21,147 - PUBLIC WORKS,147 - PUBLIC WORKS
56153,6/28/2024 13:53,272,Moving,41.624624,-87.458713,0,"[""Sensor PTO1-OFF"",""Sensor PTO2-OFF"",""Sensor PTO4-OFF""]",17302,In-transit,6/28/2024 13:53,28,147 - PUBLIC WORKS,147 - PUBLIC WORKS
56211,6/28/2024 13:53,270,Moving,41.62465,-87.459721,0,"[""Sensor PTO1-OFF"",""Sensor PTO2-OFF"",""Sensor PTO4-OFF""]",17303,In-transit,6/28/2024 13:53,7,147 - PUBLIC WORKS,147 - PUBLIC WORKS
56255,6/28/2024 13:53,270,Moving,41.624657,-87.460497,0,"[""Sensor PTO1-OFF"",""Sensor PTO2-OFF"",""Sensor PTO4-OFF""]",17304,In-transit,6/28/2024 13:53,6,147 - PUBLIC WORKS,147 - PUBLIC WORKS
56286,6/28/2024 13:54,272,Moving,41.624657,-87.460752,1,"[""Sensor PTO1-ON"",""Sensor PTO2-OFF"",""Sensor PTO4-OFF""]",17305,Salting,6/28/2024 13:53,15,147 - PUBLIC WORKS,147 - PUBLIC WORKS
56335,6/28/2024 13:54,272,Moving,41.62467,-87.461576,1,"[""Sensor PTO1-ON"",""Sensor PTO2-OFF"",""Sensor PTO4-OFF""]",17306,Salting,6/28/2024 13:54,17,147 - PUBLIC WORKS,147 - PUBLIC WORKS
56383,6/28/2024 13:54,273,Moving,41.624698,-87.462602,1,"[""Sensor PTO1-ON"",""Sensor PTO2-OFF"",""Sensor PTO4-OFF""]",17307,Salting,6/28/2024 13:54,19,147 - PUBLIC WORKS,147 - PUBLIC WORKS
56437,6/28/2024 13:54,271,Moving,41.624702,-87.463122,1,"[""Sensor PTO1-ON"",""Sensor PTO2-OFF"",""Sensor PTO4-OFF""]",17308,Salting,6/28/2024 13:54,9,147 - PUBLIC WORKS,147 - PUBLIC WORKS
56484,6/28/2024 13:55,274,Moving,41.624711,-87.464005,1,"[""Sensor PTO1-ON"",""Sensor PTO2-OFF"",""Sensor PTO4-OFF""]",17309,Salting,6/28/2024 13:54,18,147 - PUBLIC WORKS,147 - PUBLIC WORKS
56532,6/28/2024 13:55,270,Moving,41.624728,-87.464768,1,"[""Sensor PTO1-ON"",""Sensor PTO2-OFF"",""Sensor PTO4-OFF""]",17310,Salting,6/28/2024 13:55,20,147 - PUBLIC WORKS,147 - PUBLIC WORKS
56583,6/28/2024 13:55,273,Moving,41.624748,-87.465662,1,"[""Sensor PTO1-ON"",""Sensor PTO2-OFF"",""Sensor PTO4-OFF""]",17311,Salting,6/28/2024 13:55,6,147 - PUBLIC WORKS,147 - PUBLIC WORKS
56628,6/28/2024 13:55,248,Moving,41.624725,-87.46622,1,"[""Sensor PTO1-ON"",""Sensor PTO2-OFF"",""Sensor PTO4-OFF""]",17312,Salting,6/28/2024 13:55,13,147 - PUBLIC WORKS,147 - PUBLIC WORKS
56675,6/28/2024 13:56,181,Moving,41.624303,-87.466354,1,"[""Sensor PTO1-ON"",""Sensor PTO2-OFF"",""Sensor PTO4-OFF""]",17313,Salting,6/28/2024 13:55,13,147 - PUBLIC WORKS,147 - PUBLIC WORKS
56730,6/28/2024 13:56,177,Moving,41.623843,-87.466354,1,"[""Sensor PTO1-ON"",""Sensor PTO2-OFF"",""Sensor PTO4-OFF""]",17314,Salting,6/28/2024 13:56,7,147 - PUBLIC WORKS,147 - PUBLIC WORKS
56785,6/28/2024 13:56,180,Moving,41.623599,-87.466218,1,"[""Sensor PTO1-ON"",""Sensor PTO2-OFF"",""Sensor PTO4-OFF""]",17315,Salting,6/28/2024 13:56,9,147 - PUBLIC WORKS,147 - PUBLIC WORKS
56829,6/28/2024 13:56,181,Moving,41.623217,-87.466225,1,"[""Sensor PTO1-ON"",""Sensor PTO2-OFF"",""Sensor PTO4-OFF""]",17316,Salting,6/28/2024 13:56,12,147 - PUBLIC WORKS,147 - PUBLIC WORKS
56869,6/28/2024 13:57,148,Moving,41.622846,-87.466224,1,"[""Sensor PTO1-ON"",""Sensor PTO2-OFF"",""Sensor PTO4-OFF""]",17317,Salting,6/28/2024 13:56,8,147 - PUBLIC WORKS,147 - PUBLIC WORKS
56924,6/28/2024 13:57,91,Moving,41.622794,-87.465364,1,"[""Sensor PTO1-ON"",""Sensor PTO2-OFF"",""Sensor PTO4-OFF""]",17318,Salting,6/28/2024 13:57,20,147 - PUBLIC WORKS,147 - PUBLIC WORKS
56966,6/28/2024 13:57,89,Moving,41.622803,-87.464484,1,"[""Sensor PTO1-ON"",""Sensor PTO2-OFF"",""Sensor PTO4-OFF""]",17319,Salting,6/28/2024 13:57,13,147 - PUBLIC WORKS,147 - PUBLIC WORKS
57004,6/28/2024 13:57,94,Moving,41.622806,-87.463345,1,"[""Sensor PTO1-ON"",""Sensor PTO2-OFF"",""Sensor PTO4-OFF""]",17320,Salting,6/28/2024 13:57,19,147 - PUBLIC WORKS,147 - PUBLIC WORKS
57048,6/28/2024 13:58,92,Moving,41.622815,-87.462435,1,"[""Sensor PTO1-ON"",""Sensor PTO2-OFF"",""Sensor PTO4-OFF""]",17321,Salting,6/28/2024 13:57,22,147 - PUBLIC WORKS,147 - PUBLIC WORKS
57097,6/28/2024 13:58,62,Moving,41.622819,-87.461742,1,"[""Sensor PTO1-ON"",""Sensor PTO2-OFF"",""Sensor PTO4-OFF""]",17322,Salting,6/28/2024 13:58,9,147 - PUBLIC WORKS,147 - PUBLIC WORKS
57136,6/28/2024 13:58,1,Moving,41.623839,-87.461636,1,"[""Sensor PTO1-ON"",""Sensor PTO2-OFF"",""Sensor PTO4-OFF""]",17323,Salting,6/28/2024 13:58,33,147 - PUBLIC WORKS,147 - PUBLIC WORKS
57182,6/28/2024 13:58,88,Moving,41.624641,-87.461441,1,"[""Sensor PTO1-ON"",""Sensor PTO2-OFF"",""Sensor PTO4-OFF""]",17324,Salting,6/28/2024 13:58,17,147 - PUBLIC WORKS,147 - PUBLIC WORKS
57224,6/28/2024 13:59,91,Moving,41.624615,-87.460641,1,"[""Sensor PTO1-ON"",""Sensor PTO2-OFF"",""Sensor PTO4-OFF""]",17325,Salting,6/28/2024 13:58,18,147 - PUBLIC WORKS,147 - PUBLIC WORKS
57268,6/28/2024 13:59,89,Moving,41.624599,-87.459763,1,"[""Sensor PTO1-ON"",""Sensor PTO2-OFF"",""Sensor PTO4-OFF""]",17326,Salting,6/28/2024 13:59,7,147 - PUBLIC WORKS,147 - PUBLIC WORKS
57318,6/28/2024 13:59,93,Moving,41.624581,-87.458828,1,"[""Sensor PTO1-ON"",""Sensor PTO2-OFF"",""Sensor PTO4-OFF""]",17327,Salting,6/28/2024 13:59,26,147 - PUBLIC WORKS,147 - PUBLIC WORKS
57357,6/28/2024 13:59,90,Moving,41.624571,-87.457663,1,"[""Sensor PTO1-ON"",""Sensor PTO2-OFF"",""Sensor PTO4-OFF""]",17328,Salting,6/28/2024 13:59,28,147 - PUBLIC WORKS,147 - PUBLIC WORKS
57404,6/28/2024 14:00,91,Moving,41.62455,-87.456567,1,"[""Sensor PTO1-ON"",""Sensor PTO2-OFF"",""Sensor PTO4-OFF""]",17329,Salting,6/28/2024 13:59,27,147 - PUBLIC WORKS,147 - PUBLIC WORKS
57441,6/28/2024 14:00,91,Moving,41.624524,-87.455434,1,"[""Sensor PTO1-ON"",""Sensor PTO2-OFF"",""Sensor PTO4-OFF""]",17330,Salting,6/28/2024 14:00,27,147 - PUBLIC WORKS,147 - PUBLIC WORKS
57475,6/28/2024 14:00,91,Moving,41.624504,-87.454368,1,"[""Sensor PTO1-ON"",""Sensor PTO2-OFF"",""Sensor PTO4-OFF""]",17331,Salting,6/28/2024 14:00,21,147 - PUBLIC WORKS,147 - PUBLIC WORKS
57518,6/28/2024 14:00,91,Moving,41.624485,-87.453242,1,"[""Sensor PTO1-ON"",""Sensor PTO2-OFF"",""Sensor PTO4-OFF""]",17332,Salting,6/28/2024 14:00,17,147 - PUBLIC WORKS,147 - PUBLIC WORKS
57579,6/28/2024 14:01,84,Moving,41.624474,-87.452171,1,"[""Sensor PTO1-ON"",""Sensor PTO2-OFF"",""Sensor PTO4-OFF""]",17333,Salting,6/28/2024 14:00,13,147 - PUBLIC WORKS,147 - PUBLIC WORKS
57624,6/28/2024 14:01,0,Moving,41.625317,-87.452028,1,"[""Sensor PTO1-ON"",""Sensor PTO2-OFF"",""Sensor PTO4-OFF""]",17334,Salting,6/28/2024 14:01,31,147 - PUBLIC WORKS,147 - PUBLIC WORKS
57660,6/28/2024 14:01,1,Moving,41.626485,-87.452017,1,"[""Sensor PTO1-ON"",""Sensor PTO2-OFF"",""Sensor PTO4-OFF""]",17335,Salting,6/28/2024 14:01,27,147 - PUBLIC WORKS,147 - PUBLIC WORKS
57712,6/28/2024 14:01,272,Moving,41.626808,-87.452713,1,"[""Sensor PTO1-ON"",""Sensor PTO2-OFF"",""Sensor PTO4-OFF""]",17336,Salting,6/28/2024 14:01,25,147 - PUBLIC WORKS,147 - PUBLIC WORKS
57755,6/28/2024 14:02,271,Moving,41.626832,-87.453802,1,"[""Sensor PTO1-ON"",""Sensor PTO2-OFF"",""Sensor PTO4-OFF""]",17337,Salting,6/28/2024 14:01,26,147 - PUBLIC WORKS,147 - PUBLIC WORKS
57801,6/28/2024 14:02,270,Moving,41.626836,-87.454663,1,"[""Sensor PTO1-ON"",""Sensor PTO2-OFF"",""Sensor PTO4-OFF""]",17338,Salting,6/28/2024 14:02,21,147 - PUBLIC WORKS,147 - PUBLIC WORKS
57841,6/28/2024 14:02,272,Moving,41.626863,-87.45557,1,"[""Sensor PTO1-ON"",""Sensor PTO2-OFF"",""Sensor PTO4-OFF""]",17339,Salting,6/28/2024 14:02,13,147 - PUBLIC WORKS,147 - PUBLIC WORKS
57898,6/28/2024 14:02,270,Moving,41.626888,-87.456602,1,"[""Sensor PTO1-ON"",""Sensor PTO2-OFF"",""Sensor PTO4-OFF""]",17340,Salting,6/28/2024 14:02,15,147 - PUBLIC WORKS,147 - PUBLIC WORKS
57937,6/28/2024 14:03,271,Moving,41.626907,-87.457643,1,"[""Sensor PTO1-ON"",""Sensor PTO2-OFF"",""Sensor PTO4-OFF""]",17341,Salting,6/28/2024 14:02,21,147 - PUBLIC WORKS,147 - PUBLIC WORKS
57999,6/28/2024 14:03,274,Moving,41.626908,-87.458399,1,"[""Sensor PTO1-ON"",""Sensor PTO2-OFF"",""Sensor PTO4-OFF""]",17342,Salting,6/28/2024 14:03,16,147 - PUBLIC WORKS,147 - PUBLIC WORKS
58029,6/28/2024 14:03,271,Moving,41.626908,-87.459018,1,"[""Sensor PTO1-ON"",""Sensor PTO2-OFF"",""Sensor PTO4-OFF""]",17343,Salting,6/28/2024 14:03,15,147 - PUBLIC WORKS,147 - PUBLIC WORKS
58077,6/28/2024 14:03,272,Moving,41.626935,-87.459681,1,"[""Sensor PTO1-ON"",""Sensor PTO2-OFF"",""Sensor PTO4-OFF""]",17344,Salting,6/28/2024 14:03,6,147 - PUBLIC WORKS,147 - PUBLIC WORKS
58119,6/28/2024 14:04,269,Moving,41.626934,-87.460042,1,"[""Sensor PTO1-ON"",""Sensor PTO2-OFF"",""Sensor PTO4-OFF""]",17345,Salting,6/28/2024 14:03,8,147 - PUBLIC WORKS,147 - PUBLIC WORKS
58165,6/28/2024 14:04,7,Moving,41.627248,-87.460226,1,"[""Sensor PTO1-ON"",""Sensor PTO2-OFF"",""Sensor PTO4-OFF""]",17346,Salting,6/28/2024 14:04,27,147 - PUBLIC WORKS,147 - PUBLIC WORKS
58212,6/28/2024 14:04,7,Moving,41.628424,-87.460052,1,"[""Sensor PTO1-ON"",""Sensor PTO2-OFF"",""Sensor PTO4-OFF""]",17347,Salting,6/28/2024 14:04,28,147 - PUBLIC WORKS,147 - PUBLIC WORKS
58270,6/28/2024 14:04,57,Moving,41.629157,-87.459883,1,"[""Sensor PTO1-ON"",""Sensor PTO2-OFF"",""Sensor PTO4-OFF""]",17348,Salting,6/28/2024 14:04,13,147 - PUBLIC WORKS,147 - PUBLIC WORKS
58317,6/28/2024 14:05,90,Moving,41.629153,-87.458554,1,"[""Sensor PTO1-ON"",""Sensor PTO2-OFF"",""Sensor PTO4-OFF""]",17349,Salting,6/28/2024 14:04,36,147 - PUBLIC WORKS,147 - PUBLIC WORKS
58369,6/28/2024 14:05,90,Moving,41.629114,-87.456603,1,"[""Sensor PTO1-ON"",""Sensor PTO2-OFF"",""Sensor PTO4-OFF""]",17350,Salting,6/28/2024 14:05,41,147 - PUBLIC WORKS,147 - PUBLIC WORKS
58418,6/28/2024 14:05,92,Moving,41.629079,-87.454565,1,"[""Sensor PTO1-ON"",""Sensor PTO2-OFF"",""Sensor PTO4-OFF""]",17351,Salting,6/28/2024 14:05,38,147 - PUBLIC WORKS,147 - PUBLIC WORKS
58466,6/28/2024 14:05,91,Moving,41.629053,-87.452561,1,"[""Sensor PTO1-ON"",""Sensor PTO2-OFF"",""Sensor PTO4-OFF""]",17352,Salting,6/28/2024 14:05,35,147 - PUBLIC WORKS,147 - PUBLIC WORKS
58526,6/28/2024 14:06,179,Moving,41.628542,-87.452048,1,"[""Sensor PTO1-ON"",""Sensor PTO2-OFF"",""Sensor PTO4-OFF""]",17353,Salting,6/28/2024 14:05,28,147 - PUBLIC WORKS,147 - PUBLIC WORKS
58569,6/28/2024 14:06,180,Moving,41.627473,-87.452036,1,"[""Sensor PTO1-ON"",""Sensor PTO2-OFF"",""Sensor PTO4-OFF""]",17354,Salting,6/28/2024 14:06,27,147 - PUBLIC WORKS,147 - PUBLIC WORKS
58627,6/28/2024 14:06,181,Moving,41.626577,-87.452034,1,"[""Sensor PTO1-ON"",""Sensor PTO2-OFF"",""Sensor PTO4-OFF""]",17355,Salting,6/28/2024 14:06,27,147 - PUBLIC WORKS,147 - PUBLIC WORKS
58683,6/28/2024 14:06,179,Moving,41.625526,-87.452029,1,"[""Sensor PTO1-ON"",""Sensor PTO2-OFF"",""Sensor PTO4-OFF""]",17356,Salting,6/28/2024 14:06,30,147 - PUBLIC WORKS,147 - PUBLIC WORKS
58724,6/28/2024 14:07,180,Moving,41.624606,-87.452038,1,"[""Sensor PTO1-ON"",""Sensor PTO2-OFF"",""Sensor PTO4-OFF""]",17357,Salting,6/28/2024 14:06,15,147 - PUBLIC WORKS,147 - PUBLIC WORKS
58779,6/28/2024 14:07,179,Moving,41.623725,-87.452011,1,"[""Sensor PTO1-ON"",""Sensor PTO2-OFF"",""Sensor PTO4-OFF""]",17358,Salting,6/28/2024 14:07,29,147 - PUBLIC WORKS,147 - PUBLIC WORKS
58826,6/28/2024 14:07,242,Moving,41.622873,-87.452099,1,"[""Sensor PTO1-ON"",""Sensor PTO2-OFF"",""Sensor PTO4-OFF""]",17359,Salting,6/28/2024 14:07,16,147 - PUBLIC WORKS,147 - PUBLIC WORKS
58875,6/28/2024 14:07,318,Moving,41.622908,-87.453154,1,"[""Sensor PTO1-ON"",""Sensor PTO2-OFF"",""Sensor PTO4-OFF""]",17360,Salting,6/28/2024 14:07,14,147 - PUBLIC WORKS,147 - PUBLIC WORKS
58934,6/28/2024 14:08,358,Moving,41.623595,-87.453206,1,"[""Sensor PTO1-ON"",""Sensor PTO2-OFF"",""Sensor PTO4-OFF""]",17361,Salting,6/28/2024 14:07,23,147 - PUBLIC WORKS,147 - PUBLIC WORKS
58987,6/28/2024 14:08,0,Moving,41.624331,-87.453222,1,"[""Sensor PTO1-ON"",""Sensor PTO2-OFF"",""Sensor PTO4-OFF""]",17362,Salting,6/28/2024 14:08,12,147 - PUBLIC WORKS,147 - PUBLIC WORKS
59038,6/28/2024 14:08,1,Moving,41.624998,-87.453217,1,"[""Sensor PTO1-ON"",""Sensor PTO2-OFF"",""Sensor PTO4-OFF""]",17363,Salting,6/28/2024 14:08,21,147 - PUBLIC WORKS,147 - PUBLIC WORKS
59098,6/28/2024 14:08,358,Moving,41.625803,-87.453218,1,"[""Sensor PTO1-ON"",""Sensor PTO2-OFF"",""Sensor PTO4-OFF""]",17364,Salting,6/28/2024 14:08,21,147 - PUBLIC WORKS,147 - PUBLIC WORKS
59159,6/28/2024 14:09,1,Moving,41.626512,-87.453221,1,"[""Sensor PTO1-ON"",""Sensor PTO2-OFF"",""Sensor PTO4-OFF""]",17365,Salting,6/28/2024 14:08,18,147 - PUBLIC WORKS,147 - PUBLIC WORKS
59215,6/28/2024 14:09,359,Moving,41.627113,-87.453221,1,"[""Sensor PTO1-ON"",""Sensor PTO2-OFF"",""Sensor PTO4-OFF""]",17366,Salting,6/28/2024 14:09,24,147 - PUBLIC WORKS,147 - PUBLIC WORKS
59269,6/28/2024 14:09,358,Moving,41.628021,-87.453222,1,"[""Sensor PTO1-ON"",""Sensor PTO2-OFF"",""Sensor PTO4-OFF""]",17367,Salting,6/28/2024 14:09,23,147 - PUBLIC WORKS,147 - PUBLIC WORKS
59330,6/28/2024 14:09,359,Moving,41.628777,-87.453226,1,"[""Sensor PTO1-ON"",""Sensor PTO2-OFF"",""Sensor PTO4-OFF""]",17368,Salting,6/28/2024 14:09,15,147 - PUBLIC WORKS,147 - PUBLIC WORKS
59382,6/28/2024 14:10,285,Moving,41.629107,-87.453416,1,"[""Sensor PTO1-ON"",""Sensor PTO2-OFF"",""Sensor PTO4-OFF""]",17369,Salting,6/28/2024 14:09,19,147 - PUBLIC WORKS,147 - PUBLIC WORKS
59483,6/28/2024 14:10,271,Moving,41.629134,-87.454273,1,"[""Sensor PTO1-ON"",""Sensor PTO2-OFF"",""Sensor PTO4-OFF""]",17370,Salting,6/28/2024 14:10,4,147 - PUBLIC WORKS,147 - PUBLIC WORKS
59517,6/28/2024 14:10,179,Moving,41.628563,-87.454465,1,"[""Sensor PTO1-ON"",""Sensor PTO2-OFF"",""Sensor PTO4-OFF""]",17371,Salting,6/28/2024 14:10,29,147 - PUBLIC WORKS,147 - PUBLIC WORKS
59567,6/28/2024 14:11,179,Moving,41.627549,-87.45446,1,"[""Sensor PTO1-ON"",""Sensor PTO2-OFF"",""Sensor PTO4-OFF""]",17372,Salting,6/28/2024 14:10,26,147 - PUBLIC WORKS,147 - PUBLIC WORKS
59613,6/28/2024 14:11,178,Moving,41.62687,-87.454458,1,"[""Sensor PTO1-ON"",""Sensor PTO2-OFF"",""Sensor PTO4-OFF""]",17373,Salting,6/28/2024 14:11,14,147 - PUBLIC WORKS,147 - PUBLIC WORKS
59667,6/28/2024 14:11,180,Moving,41.626097,-87.454438,1,"[""Sensor PTO1-ON"",""Sensor PTO2-OFF"",""Sensor PTO4-OFF""]",17374,Salting,6/28/2024 14:11,22,147 - PUBLIC WORKS,147 - PUBLIC WORKS
59704,6/28/2024 14:11,181,Moving,41.625294,-87.454421,1,"[""Sensor PTO1-ON"",""Sensor PTO2-OFF"",""Sensor PTO4-OFF""]",17375,Salting,6/28/2024 14:11,21,147 - PUBLIC WORKS,147 - PUBLIC WORKS
59760,6/28/2024 14:12,185,Moving,41.624631,-87.454416,1,"[""Sensor PTO1-ON"",""Sensor PTO2-OFF"",""Sensor PTO4-OFF""]",17376,Salting,6/28/2024 14:11,10,147 - PUBLIC WORKS,147 - PUBLIC WORKS
59801,6/28/2024 14:12,179,Moving,41.623952,-87.454387,1,"[""Sensor PTO1-ON"",""Sensor PTO2-OFF"",""Sensor PTO4-OFF""]",17377,Salting,6/28/2024 14:12,23,147 - PUBLIC WORKS,147 - PUBLIC WORKS
59852,6/28/2024 14:12,181,Moving,41.623129,-87.454369,1,"[""Sensor PTO1-ON"",""Sensor PTO2-OFF"",""Sensor PTO4-OFF""]",17378,Salting,6/28/2024 14:12,20,147 - PUBLIC WORKS,147 - PUBLIC WORKS
59890,6/28/2024 14:12,272,Moving,41.622895,-87.454867,1,"[""Sensor PTO1-ON"",""Sensor PTO2-OFF"",""Sensor PTO4-OFF""]",17379,Salting,6/28/2024 14:12,21,147 - PUBLIC WORKS,147 - PUBLIC WORKS
59941,6/28/2024 14:13,343,Moving,41.622978,-87.455569,1,"[""Sensor PTO1-ON"",""Sensor PTO2-OFF"",""Sensor PTO4-OFF""]",17380,Salting,6/28/2024 14:12,10,147 - PUBLIC WORKS,147 - PUBLIC WORKS
59981,6/28/2024 14:13,359,Moving,41.623513,-87.455589,1,"[""Sensor PTO1-ON"",""Sensor PTO2-OFF"",""Sensor PTO4-OFF""]",17381,Salting,6/28/2024 14:13,18,147 - PUBLIC WORKS,147 - PUBLIC WORKS
60037,6/28/2024 14:13,357,Moving,41.624158,-87.455598,1,"[""Sensor PTO1-ON"",""Sensor PTO2-OFF"",""Sensor PTO4-OFF""]",17382,Salting,6/28/2024 14:13,17,147 - PUBLIC WORKS,147 - PUBLIC WORKS
60085,6/28/2024 14:13,358,Moving,41.624686,-87.455601,1,"[""Sensor PTO1-ON"",""Sensor PTO2-OFF"",""Sensor PTO4-OFF""]",17383,Salting,6/28/2024 14:13,18,147 - PUBLIC WORKS,147 - PUBLIC WORKS
60140,6/28/2024 14:14,359,Moving,41.62533,-87.455601,1,"[""Sensor PTO1-ON"",""Sensor PTO2-OFF"",""Sensor PTO4-OFF""]",17384,Salting,6/28/2024 14:13,19,147 - PUBLIC WORKS,147 - PUBLIC WORKS
60185,6/28/2024 14:14,0,Moving,41.625994,-87.455604,1,"[""Sensor PTO1-ON"",""Sensor PTO2-OFF"",""Sensor PTO4-OFF""]",17385,Salting,6/28/2024 14:14,17,147 - PUBLIC WORKS,147 - PUBLIC WORKS
60248,6/28/2024 14:14,0,Moving,41.626643,-87.455602,1,"[""Sensor PTO1-ON"",""Sensor PTO2-OFF"",""Sensor PTO4-OFF""]",17386,Salting,6/28/2024 14:14,13,147 - PUBLIC WORKS,147 - PUBLIC WORKS
60300,6/28/2024 14:14,359,Moving,41.627124,-87.455611,1,"[""Sensor PTO1-ON"",""Sensor PTO2-OFF"",""Sensor PTO4-OFF""]",17387,Salting,6/28/2024 14:14,17,147 - PUBLIC WORKS,147 - PUBLIC WORKS
60348,6/28/2024 14:15,359,Moving,41.627778,-87.455614,1,"[""Sensor PTO1-ON"",""Sensor PTO2-OFF"",""Sensor PTO4-OFF""]",17388,Salting,6/28/2024 14:14,16,147 - PUBLIC WORKS,147 - PUBLIC WORKS
60391,6/28/2024 14:15,358,Moving,41.628428,-87.455608,1,"[""Sensor PTO1-ON"",""Sensor PTO2-OFF"",""Sensor PTO4-OFF""]",17389,Salting,6/28/2024 14:15,19,147 - PUBLIC WORKS,147 - PUBLIC WORKS
60450,6/28/2024 14:15,359,Moving,41.629004,-87.455631,1,"[""Sensor PTO1-ON"",""Sensor PTO2-OFF"",""Sensor PTO4-OFF""]",17390,Salting,6/28/2024 14:15,6,147 - PUBLIC WORKS,147 - PUBLIC WORKS
60506,6/28/2024 14:15,269,Moving,41.629168,-87.456373,1,"[""Sensor PTO1-ON"",""Sensor PTO2-OFF"",""Sensor PTO4-OFF""]",17391,Salting,6/28/2024 14:15,26,147 - PUBLIC WORKS,147 - PUBLIC WORKS
60547,6/28/2024 14:16,180,Moving,41.628662,-87.456801,1,"[""Sensor PTO1-ON"",""Sensor PTO2-OFF"",""Sensor PTO4-OFF""]",17392,Salting,6/28/2024 14:15,28,147 - PUBLIC WORKS,147 - PUBLIC WORKS
60601,6/28/2024 14:16,179,Moving,41.627483,-87.456793,1,"[""Sensor PTO1-ON"",""Sensor PTO2-OFF"",""Sensor PTO4-OFF""]",17393,Salting,6/28/2024 14:16,31,147 - PUBLIC WORKS,147 - PUBLIC WORKS
60653,6/28/2024 14:16,180,Moving,41.626779,-87.456801,1,"[""Sensor PTO1-ON"",""Sensor PTO2-OFF"",""Sensor PTO4-OFF""]",17394,Salting,6/28/2024 14:16,22,147 - PUBLIC WORKS,147 - PUBLIC WORKS
60695,6/28/2024 14:16,176,Moving,41.625931,-87.456783,1,"[""Sensor PTO1-ON"",""Sensor PTO2-OFF"",""Sensor PTO4-OFF""]",17395,Salting,6/28/2024 14:16,14,147 - PUBLIC WORKS,147 - PUBLIC WORKS
60741,6/28/2024 14:17,181,Moving,41.625248,-87.456803,1,"[""Sensor PTO1-ON"",""Sensor PTO2-OFF"",""Sensor PTO4-OFF""]",17396,Salting,6/28/2024 14:16,21,147 - PUBLIC WORKS,147 - PUBLIC WORKS
60778,6/28/2024 14:17,179,Moving,41.624647,-87.456814,1,"[""Sensor PTO1-ON"",""Sensor PTO2-OFF"",""Sensor PTO4-OFF""]",17397,Salting,6/28/2024 14:17,13,147 - PUBLIC WORKS,147 - PUBLIC WORKS
60827,6/28/2024 14:17,179,Moving,41.623865,-87.456801,1,"[""Sensor PTO1-ON"",""Sensor PTO2-OFF"",""Sensor PTO4-OFF""]",17398,Salting,6/28/2024 14:17,21,147 - PUBLIC WORKS,147 - PUBLIC WORKS
60867,6/28/2024 14:17,181,Moving,41.623114,-87.456795,1,"[""Sensor PTO1-ON"",""Sensor PTO2-OFF"",""Sensor PTO4-OFF""]",17399,Salting,6/28/2024 14:17,17,147 - PUBLIC WORKS,147 - PUBLIC WORKS
60914,6/28/2024 14:18,279,Moving,41.622985,-87.45739,1,"[""Sensor PTO1-ON"",""Sensor PTO2-OFF"",""Sensor PTO4-OFF""]",17400,Salting,6/28/2024 14:17,21,147 - PUBLIC WORKS,147 - PUBLIC WORKS
60959,6/28/2024 14:18,0,Moving,41.623277,-87.458017,1,"[""Sensor PTO1-ON"",""Sensor PTO2-OFF"",""Sensor PTO4-OFF""]",17401,Salting,6/28/2024 14:18,18,147 - PUBLIC WORKS,147 - PUBLIC WORKS
61004,6/28/2024 14:18,359,Moving,41.624086,-87.458029,1,"[""Sensor PTO1-ON"",""Sensor PTO2-OFF"",""Sensor PTO4-OFF""]",17402,Salting,6/28/2024 14:18,22,147 - PUBLIC WORKS,147 - PUBLIC WORKS
61046,6/28/2024 14:18,1,Moving,41.624677,-87.458026,1,"[""Sensor PTO1-ON"",""Sensor PTO2-OFF"",""Sensor PTO4-OFF""]",17403,Salting,6/28/2024 14:18,18,147 - PUBLIC WORKS,147 - PUBLIC WORKS
61096,6/28/2024 14:19,0,Moving,41.625509,-87.458033,1,"[""Sensor PTO1-ON"",""Sensor PTO2-OFF"",""Sensor PTO4-OFF""]",17404,Salting,6/28/2024 14:18,21,147 - PUBLIC WORKS,147 - PUBLIC WORKS
61145,6/28/2024 14:19,359,Moving,41.626308,-87.458035,1,"[""Sensor PTO1-ON"",""Sensor PTO2-OFF"",""Sensor PTO4-OFF""]",17405,Salting,6/28/2024 14:19,21,147 - PUBLIC WORKS,147 - PUBLIC WORKS
61195,6/28/2024 14:19,0,Moving,41.626949,-87.45804,1,"[""Sensor PTO1-ON"",""Sensor PTO2-OFF"",""Sensor PTO4-OFF""]",17406,Salting,6/28/2024 14:19,20,147 - PUBLIC WORKS,147 - PUBLIC WORKS
61233,6/28/2024 14:19,0,Moving,41.627693,-87.45804,1,"[""Sensor PTO1-ON"",""Sensor PTO2-OFF"",""Sensor PTO4-OFF""]",17407,Salting,6/28/2024 14:19,11,147 - PUBLIC WORKS,147 - PUBLIC WORKS
61282,6/28/2024 14:20,359,Moving,41.628361,-87.458051,1,"[""Sensor PTO1-ON"",""Sensor PTO2-OFF"",""Sensor PTO4-OFF""]",17408,Salting,6/28/2024 14:19,12,147 - PUBLIC WORKS,147 - PUBLIC WORKS
61326,6/28/2024 14:20,354,Moving,41.628968,-87.458066,1,"[""Sensor PTO1-ON"",""Sensor PTO2-OFF"",""Sensor PTO4-OFF""]",17409,Salting,6/28/2024 14:20,11,147 - PUBLIC WORKS,147 - PUBLIC WORKS
61370,6/28/2024 14:20,358,Stop,41.62905,-87.458082,1,"[""Sensor PTO1-ON"",""Sensor PTO2-OFF"",""Sensor PTO4-OFF""]",17410,Salting,6/28/2024 14:20,0,147 - PUBLIC WORKS,147 - PUBLIC WORKS
61415,6/28/2024 14:20,358,Idle,41.62905,-87.458084,1,"[""Sensor PTO1-ON"",""Sensor PTO2-OFF"",""Sensor PTO4-OFF""]",17411,Salting,6/28/2024 14:20,0,147 - PUBLIC WORKS,147 - PUBLIC WORKS
61466,6/28/2024 14:21,358,Idle,41.62905,-87.458081,1,"[""Sensor PTO1-ON"",""Sensor PTO2-OFF"",""Sensor PTO4-OFF""]",17412,Salting,6/28/2024 14:20,0,147 - PUBLIC WORKS,147 - PUBLIC WORKS
61506,6/28/2024 14:21,358,Idle,41.62905,-87.458081,1,"[""Sensor PTO1-ON"",""Sensor PTO2-OFF"",""Sensor PTO4-OFF""]",17413,Salting,6/28/2024 14:21,0,147 - PUBLIC WORKS,147 - PUBLIC WORKS
61560,6/28/2024 14:21,356,Idle,41.629052,-87.45808,1,"[""Sensor PTO1-ON"",""Sensor PTO2-OFF"",""Sensor PTO4-OFF""]",17414,Salting,6/28/2024 14:21,2,147 - PUBLIC WORKS,147 - PUBLIC WORKS
61578,6/28/2024 14:21,339,Idle,41.629084,-87.458088,1,"[""Sensor PTO1-ON"",""Sensor PTO2-OFF"",""Sensor PTO4-OFF""]",17415,Salting,6/28/2024 14:21,5,147 - PUBLIC WORKS,147 - PUBLIC WORKS
61644,6/28/2024 14:21,339,Moving,41.629084,-87.458088,1,"[""Sensor PTO1-ON"",""Sensor PTO2-OFF"",""Sensor PTO4-OFF""]",17416,Salting,6/28/2024 14:21,5,147 - PUBLIC WORKS,147 - PUBLIC WORKS
61642,6/28/2024 14:21,272,Moving,41.629234,-87.459372,1,"[""Sensor PTO1-ON"",""Sensor PTO2-OFF"",""Sensor PTO4-OFF""]",17417,Salting,6/28/2024 14:21,31,147 - PUBLIC WORKS,147 - PUBLIC WORKS
61698,6/28/2024 14:22,186,Moving,41.62886,-87.460061,1,"[""Sensor PTO1-ON"",""Sensor PTO2-OFF"",""Sensor PTO4-OFF""]",17418,Salting,6/28/2024 14:21,30,147 - PUBLIC WORKS,147 - PUBLIC WORKS
61738,6/28/2024 14:22,186,Moving,41.627625,-87.460268,1,"[""Sensor PTO1-ON"",""Sensor PTO2-OFF"",""Sensor PTO4-OFF""]",17419,Salting,6/28/2024 14:22,30,147 - PUBLIC WORKS,147 - PUBLIC WORKS
61795,6/28/2024 14:22,187,Moving,41.626798,-87.46038,1,"[""Sensor PTO1-ON"",""Sensor PTO2-OFF"",""Sensor PTO4-OFF""]",17420,Salting,6/28/2024 14:22,27,147 - PUBLIC WORKS,147 - PUBLIC WORKS
61842,6/28/2024 14:22,183,Moving,41.625561,-87.46053,1,"[""Sensor PTO1-ON"",""Sensor PTO2-OFF"",""Sensor PTO4-OFF""]",17421,Salting,6/28/2024 14:22,34,147 - PUBLIC WORKS,147 - PUBLIC WORKS
61888,6/28/2024 14:23,186,Moving,41.624705,-87.460649,1,"[""Sensor PTO1-ON"",""Sensor PTO2-OFF"",""Sensor PTO4-OFF""]",17422,Salting,6/28/2024 14:22,17,147 - PUBLIC WORKS,147 - PUBLIC WORKS
61952,6/28/2024 14:23,187,Moving,41.623709,-87.460814,1,"[""Sensor PTO1-ON"",""Sensor PTO2-OFF"",""Sensor PTO4-OFF""]",17423,Salting,6/28/2024 14:23,32,147 - PUBLIC WORKS,147 - PUBLIC WORKS
61999,6/28/2024 14:23,186,Moving,41.622467,-87.461009,1,"[""Sensor PTO1-ON"",""Sensor PTO2-OFF"",""Sensor PTO4-OFF""]",17424,Salting,6/28/2024 14:23,30,147 - PUBLIC WORKS,147 - PUBLIC WORKS
62045,6/28/2024 14:23,188,Moving,41.621464,-87.461171,1,"[""Sensor PTO1-ON"",""Sensor PTO2-OFF"",""Sensor PTO4-OFF""]",17425,Salting,6/28/2024 14:23,23,147 - PUBLIC WORKS,147 - PUBLIC WORKS
62106,6/28/2024 14:24,186,Moving,41.62089,-87.461238,1,"[""Sensor PTO1-ON"",""Sensor PTO2-OFF"",""Sensor PTO4-OFF""]",17426,Salting,6/28/2024 14:23,21,147 - PUBLIC WORKS,147 - PUBLIC WORKS
62143,6/28/2024 14:24,188,Moving,41.62005,-87.461424,1,"[""Sensor PTO1-ON"",""Sensor PTO2-OFF"",""Sensor PTO4-OFF""]",17427,Salting,6/28/2024 14:24,23,147 - PUBLIC WORKS,147 - PUBLIC WORKS
62197,6/28/2024 14:24,180,Moving,41.618626,-87.461565,1,"[""Sensor PTO1-ON"",""Sensor PTO2-OFF"",""Sensor PTO4-OFF""]",17428,Salting,6/28/2024 14:24,44,147 - PUBLIC WORKS,147 - PUBLIC WORKS
62258,6/28/2024 14:24,180,Moving,41.617033,-87.461602,1,"[""Sensor PTO1-ON"",""Sensor PTO2-OFF"",""Sensor PTO4-OFF""]",17429,Salting,6/28/2024 14:24,38,147 - PUBLIC WORKS,147 - PUBLIC WORKS
62302,6/28/2024 14:25,20,Moving,41.616361,-87.461457,1,"[""Sensor PTO1-ON"",""Sensor PTO2-OFF"",""Sensor PTO4-OFF""]",17430,Salting,6/28/2024 14:24,10,147 - PUBLIC WORKS,147 - PUBLIC WORKS
62352,6/28/2024 14:25,359,Moving,41.617437,-87.46148,1,"[""Sensor PTO1-ON"",""Sensor PTO2-OFF"",""Sensor PTO4-OFF""]",17431,Salting,6/28/2024 14:25,38,147 - PUBLIC WORKS,147 - PUBLIC WORKS
62403,6/28/2024 14:25,2,Moving,41.618944,-87.461483,1,"[""Sensor PTO1-ON"",""Sensor PTO2-OFF"",""Sensor PTO4-OFF""]",17432,Salting,6/28/2024 14:25,42,147 - PUBLIC WORKS,147 - PUBLIC WORKS
62451,6/28/2024 14:25,6,Moving,41.62009,-87.461353,1,"[""Sensor PTO1-ON"",""Sensor PTO2-OFF"",""Sensor PTO4-OFF""]",17433,Salting,6/28/2024 14:25,14,147 - PUBLIC WORKS,147 - PUBLIC WORKS
62496,6/28/2024 14:26,6,Moving,41.620933,-87.461242,1,"[""Sensor PTO1-ON"",""Sensor PTO2-OFF"",""Sensor PTO4-OFF""]",17434,Salting,6/28/2024 14:25,13,147 - PUBLIC WORKS,147 - PUBLIC WORKS
62549,6/28/2024 14:26,7,Moving,41.621667,-87.461134,1,"[""Sensor PTO1-ON"",""Sensor PTO2-OFF"",""Sensor PTO4-OFF""]",17435,Salting,6/28/2024 14:26,31,147 - PUBLIC WORKS,147 - PUBLIC WORKS
62593,6/28/2024 14:26,8,Moving,41.62266,-87.460915,0,"[""Sensor PTO1-OFF"",""Sensor PTO2-OFF"",""Sensor PTO4-OFF""]",17436,In-transit,6/28/2024 14:26,39,147 - PUBLIC WORKS,147 - PUBLIC WORKS
62632,6/28/2024 14:26,8,Moving,41.624005,-87.460681,0,"[""Sensor PTO1-OFF"",""Sensor PTO2-OFF"",""Sensor PTO4-OFF""]",17437,In-transit,6/28/2024 14:26,33,147 - PUBLIC WORKS,147 - PUBLIC WORKS
62686,6/28/2024 14:27,94,Moving,41.624626,-87.460356,0,"[""Sensor PTO1-OFF"",""Sensor PTO2-OFF"",""Sensor PTO4-OFF""]",17438,In-transit,6/28/2024 14:26,20,147 - PUBLIC WORKS,147 - PUBLIC WORKS
62732,6/28/2024 14:27,89,Moving,41.624604,-87.459652,0,"[""Sensor PTO1-OFF"",""Sensor PTO2-OFF"",""Sensor PTO4-OFF""]",17439,In-transit,6/28/2024 14:27,10,147 - PUBLIC WORKS,147 - PUBLIC WORKS
62780,6/28/2024 14:27,91,Moving,41.624574,-87.458565,0,"[""Sensor PTO1-OFF"",""Sensor PTO2-OFF"",""Sensor PTO4-OFF""]",17440,In-transit,6/28/2024 14:27,27,147 - PUBLIC WORKS,147 - PUBLIC WORKS
62824,6/28/2024 14:27,90,Moving,41.624568,-87.457501,0,"[""Sensor PTO1-OFF"",""Sensor PTO2-OFF"",""Sensor PTO4-OFF""]",17441,In-transit,6/28/2024 14:27,27,147 - PUBLIC WORKS,147 - PUBLIC WORKS
62877,6/28/2024 14:28,91,Moving,41.624542,-87.456362,0,"[""Sensor PTO1-OFF"",""Sensor PTO2-OFF"",""Sensor PTO4-OFF""]",17442,In-transit,6/28/2024 14:27,30,147 - PUBLIC WORKS,147 - PUBLIC WORKS
62923,6/28/2024 14:28,92,Moving,41.624523,-87.455262,0,"[""Sensor PTO1-OFF"",""Sensor PTO2-OFF"",""Sensor PTO4-OFF""]",17443,In-transit,6/28/2024 14:28,26,147 - PUBLIC WORKS,147 - PUBLIC WORKS
62988,6/28/2024 14:28,91,Moving,41.624508,-87.454404,0,"[""Sensor PTO1-OFF"",""Sensor PTO2-OFF"",""Sensor PTO4-OFF""]",17444,In-transit,6/28/2024 14:28,18,147 - PUBLIC WORKS,147 - PUBLIC WORKS
63026,6/28/2024 14:28,91,Moving,41.624488,-87.453254,0,"[""Sensor PTO1-OFF"",""Sensor PTO2-OFF"",""Sensor PTO4-OFF""]",17445,In-transit,6/28/2024 14:28,17,147 - PUBLIC WORKS,147 - PUBLIC WORKS
63074,6/28/2024 14:29,79,Moving,41.624476,-87.45216,0,"[""Sensor PTO1-OFF"",""Sensor PTO2-OFF"",""Sensor PTO4-OFF""]",17446,In-transit,6/28/2024 14:28,13,147 - PUBLIC WORKS,147 - PUBLIC WORKS
63122,6/28/2024 14:29,359,Moving,41.625296,-87.452012,0,"[""Sensor PTO1-OFF"",""Sensor PTO2-OFF"",""Sensor PTO4-OFF""]",17447,In-transit,6/28/2024 14:29,29,147 - PUBLIC WORKS,147 - PUBLIC WORKS
63171,6/28/2024 14:29,130,Moving,41.625852,-87.451739,0,"[""Sensor PTO1-OFF"",""Sensor PTO2-OFF"",""Sensor PTO4-OFF""]",17448,In-transit,6/28/2024 14:29,19,147 - PUBLIC WORKS,147 - PUBLIC WORKS
63215,6/28/2024 14:29,123,Moving,41.62517,-87.45048,0,"[""Sensor PTO1-OFF"",""Sensor PTO2-OFF"",""Sensor PTO4-OFF""]",17449,In-transit,6/28/2024 14:29,39,147 - PUBLIC WORKS,147 - PUBLIC WORKS
63259,6/28/2024 14:30,125,Moving,41.624262,-87.448715,0,"[""Sensor PTO1-OFF"",""Sensor PTO2-OFF"",""Sensor PTO4-OFF""]",17450,In-transit,6/28/2024 14:29,47,147 - PUBLIC WORKS,147 - PUBLIC WORKS
63297,6/28/2024 14:30,125,Moving,41.623229,-87.446762,0,"[""Sensor PTO1-OFF"",""Sensor PTO2-OFF"",""Sensor PTO4-OFF""]",17451,In-transit,6/28/2024 14:30,49,147 - PUBLIC WORKS,147 - PUBLIC WORKS
63349,6/28/2024 14:30,95,Moving,41.622741,-87.444642,0,"[""Sensor PTO1-OFF"",""Sensor PTO2-OFF"",""Sensor PTO4-OFF""]",17452,In-transit,6/28/2024 14:30,44,147 - PUBLIC WORKS,147 - PUBLIC WORKS
63391,6/28/2024 14:30,125,Moving,41.621922,-87.442614,0,"[""Sensor PTO1-OFF"",""Sensor PTO2-OFF"",""Sensor PTO4-OFF""]",17453,In-transit,6/28/2024 14:30,51,147 - PUBLIC WORKS,147 - PUBLIC WORKS
63439,6/28/2024 14:31,125,Moving,41.620846,-87.440559,0,"[""Sensor PTO1-OFF"",""Sensor PTO2-OFF"",""Sensor PTO4-OFF""]",17454,In-transit,6/28/2024 14:30,48,147 - PUBLIC WORKS,147 - PUBLIC WORKS
63489,6/28/2024 14:31,124,Moving,41.619794,-87.438557,0,"[""Sensor PTO1-OFF"",""Sensor PTO2-OFF"",""Sensor PTO4-OFF""]",17455,In-transit,6/28/2024 14:31,51,147 - PUBLIC WORKS,147 - PUBLIC WORKS
63534,6/28/2024 14:31,124,Moving,41.618706,-87.436487,0,"[""Sensor PTO1-OFF"",""Sensor PTO2-OFF"",""Sensor PTO4-OFF""]",17456,In-transit,6/28/2024 14:31,50,147 - PUBLIC WORKS,147 - PUBLIC WORKS
63585,6/28/2024 14:31,110,Moving,41.617861,-87.434279,0,"[""Sensor PTO1-OFF"",""Sensor PTO2-OFF"",""Sensor PTO4-OFF""]",17457,In-transit,6/28/2024 14:31,47,147 - PUBLIC WORKS,147 - PUBLIC WORKS
63622,6/28/2024 14:32,131,Moving,41.617482,-87.432706,0,"[""Sensor PTO1-OFF"",""Sensor PTO2-OFF"",""Sensor PTO4-OFF""]",17458,In-transit,6/28/2024 14:31,16,147 - PUBLIC WORKS,147 - PUBLIC WORKS
63671,6/28/2024 14:32,205,Moving,41.617042,-87.432801,0,"[""Sensor PTO1-OFF"",""Sensor PTO2-OFF"",""Sensor PTO4-OFF""]",17459,In-transit,6/28/2024 14:32,21,147 - PUBLIC WORKS,147 - PUBLIC WORKS
63714,6/28/2024 14:32,129,Moving,41.616311,-87.432843,0,"[""Sensor PTO1-OFF"",""Sensor PTO2-OFF"",""Sensor PTO4-OFF""]",17460,In-transit,6/28/2024 14:32,22,147 - PUBLIC WORKS,147 - PUBLIC WORKS
63765,6/28/2024 14:32,279,Moving,41.615791,-87.432823,0,"[""Sensor PTO1-OFF"",""Sensor PTO2-OFF"",""Sensor PTO4-OFF""]",17461,In-transit,6/28/2024 14:32,12,147 - PUBLIC WORKS,147 - PUBLIC WORKS
63804,6/28/2024 14:33,271,Moving,41.615809,-87.433798,0,"[""Sensor PTO1-OFF"",""Sensor PTO2-OFF"",""Sensor PTO4-OFF""]",17462,In-transit,6/28/2024 14:32,25,147 - PUBLIC WORKS,147 - PUBLIC WORKS
63850,6/28/2024 14:33,291,Moving,41.615776,-87.434877,0,"[""Sensor PTO1-OFF"",""Sensor PTO2-OFF"",""Sensor PTO4-OFF""]",17463,In-transit,6/28/2024 14:33,14,147 - PUBLIC WORKS,147 - PUBLIC WORKS
63898,6/28/2024 14:33,325,Moving,41.616149,-87.43529,0,"[""Sensor PTO1-OFF"",""Sensor PTO2-OFF"",""Sensor PTO4-OFF""]",17464,In-transit,6/28/2024 14:33,14,147 - PUBLIC WORKS,147 - PUBLIC WORKS
63943,6/28/2024 14:33,333,Moving,41.61659,-87.435666,0,"[""Sensor PTO1-OFF"",""Sensor PTO2-OFF"",""Sensor PTO4-OFF""]",17465,In-transit,6/28/2024 14:33,13,147 - PUBLIC WORKS,147 - PUBLIC WORKS
64007,6/28/2024 14:34,3,Moving,41.616965,-87.435849,0,"[""Sensor PTO1-OFF"",""Sensor PTO2-OFF"",""Sensor PTO4-OFF""]",17466,In-transit,6/28/2024 14:33,10,147 - PUBLIC WORKS,147 - PUBLIC WORKS
64027,6/28/2024 14:34,58,Moving,41.617064,-87.435772,2,"[""Sensor PTO1-OFF"",""Sensor PTO2-ON"",""Sensor PTO4-OFF""]",17467,Plowing,6/28/2024 14:33,11,147 - PUBLIC WORKS,147 - PUBLIC WORKS
64059,6/28/2024 14:34,306,Moving,41.617403,-87.435547,2,"[""Sensor PTO1-OFF"",""Sensor PTO2-ON"",""Sensor PTO4-OFF""]",17468,Plowing,6/28/2024 14:34,13,147 - PUBLIC WORKS,147 - PUBLIC WORKS
64119,6/28/2024 14:34,300,Moving,41.617688,-87.436135,2,"[""Sensor PTO1-OFF"",""Sensor PTO2-ON"",""Sensor PTO4-OFF""]",17469,Plowing,6/28/2024 14:34,14,147 - PUBLIC WORKS,147 - PUBLIC WORKS
64155,6/28/2024 14:34,300,Moving,41.617883,-87.436619,0,"[""Sensor PTO1-OFF"",""Sensor PTO2-OFF"",""Sensor PTO4-OFF""]",17470,In-transit,6/28/2024 14:34,11,147 - PUBLIC WORKS,147 - PUBLIC WORKS
64181,6/28/2024 14:35,296,Moving,41.61793,-87.436744,2,"[""Sensor PTO1-OFF"",""Sensor PTO2-ON"",""Sensor PTO4-OFF""]",17471,Plowing,6/28/2024 14:34,9,147 - PUBLIC WORKS,147 - PUBLIC WORKS
64211,6/28/2024 14:35,296,Moving,41.618165,-87.437264,2,"[""Sensor PTO1-OFF"",""Sensor PTO2-ON"",""Sensor PTO4-OFF""]",17472,Plowing,6/28/2024 14:34,11,147 - PUBLIC WORKS,147 - PUBLIC WORKS
64223,6/28/2024 14:35,247,Moving,41.61816,-87.43736,0,"[""Sensor PTO1-OFF"",""Sensor PTO2-OFF"",""Sensor PTO4-OFF""]",17473,In-transit,6/28/2024 14:35,9,147 - PUBLIC WORKS,147 - PUBLIC WORKS
64262,6/28/2024 14:35,93,Moving,41.61805,-87.437224,2,"[""Sensor PTO1-OFF"",""Sensor PTO2-ON"",""Sensor PTO4-OFF""]",17474,Plowing,6/28/2024 14:35,7,147 - PUBLIC WORKS,147 - PUBLIC WORKS
64292,6/28/2024 14:35,110,Moving,41.617959,-87.436837,0,"[""Sensor PTO1-OFF"",""Sensor PTO2-OFF"",""Sensor PTO4-OFF""]",17475,In-transit,6/28/2024 14:35,11,147 - PUBLIC WORKS,147 - PUBLIC WORKS
64346,6/28/2024 14:35,150,Moving,41.61767,-87.436315,0,"[""Sensor PTO1-OFF"",""Sensor PTO2-OFF"",""Sensor PTO4-OFF""]",17476,In-transit,6/28/2024 14:35,15,147 - PUBLIC WORKS,147 - PUBLIC WORKS
64347,6/28/2024 14:35,150,Moving,41.61767,-87.436315,2,"[""Sensor PTO1-OFF"",""Sensor PTO2-ON"",""Sensor PTO4-OFF""]",17477,Plowing,6/28/2024 14:35,15,147 - PUBLIC WORKS,147 - PUBLIC WORKS
64394,6/28/2024 14:36,152,Moving,41.617203,-87.435979,2,"[""Sensor PTO1-OFF"",""Sensor PTO2-ON"",""Sensor PTO4-OFF""]",17478,Plowing,6/28/2024 14:35,11,147 - PUBLIC WORKS,147 - PUBLIC WORKS
64393,6/28/2024 14:36,156,Moving,41.617148,-87.435944,0,"[""Sensor PTO1-OFF"",""Sensor PTO2-OFF"",""Sensor PTO4-OFF""]",17479,In-transit,6/28/2024 14:35,13,147 - PUBLIC WORKS,147 - PUBLIC WORKS
64446,6/28/2024 14:36,149,Moving,41.616669,-87.435668,0,"[""Sensor PTO1-OFF"",""Sensor PTO2-OFF"",""Sensor PTO4-OFF""]",17480,In-transit,6/28/2024 14:36,17,147 - PUBLIC WORKS,147 - PUBLIC WORKS
64489,6/28/2024 14:36,149,Moving,41.616215,-87.435317,0,"[""Sensor PTO1-OFF"",""Sensor PTO2-OFF"",""Sensor PTO4-OFF""]",17481,In-transit,6/28/2024 14:36,13,147 - PUBLIC WORKS,147 - PUBLIC WORKS
64541,6/28/2024 14:36,148,Moving,41.615888,-87.435031,0,"[""Sensor PTO1-OFF"",""Sensor PTO2-OFF"",""Sensor PTO4-OFF""]",17482,In-transit,6/28/2024 14:36,8,147 - PUBLIC WORKS,147 - PUBLIC WORKS
64583,6/28/2024 14:37,178,Moving,41.615346,-87.43493,0,"[""Sensor PTO1-OFF"",""Sensor PTO2-OFF"",""Sensor PTO4-OFF""]",17483,In-transit,6/28/2024 14:36,17,147 - PUBLIC WORKS,147 - PUBLIC WORKS
64638,6/28/2024 14:37,172,Moving,41.614826,-87.434875,0,"[""Sensor PTO1-OFF"",""Sensor PTO2-OFF"",""Sensor PTO4-OFF""]",17484,In-transit,6/28/2024 14:37,11,147 - PUBLIC WORKS,147 - PUBLIC WORKS
64691,6/28/2024 14:37,176,Moving,41.61433,-87.434868,0,"[""Sensor PTO1-OFF"",""Sensor PTO2-OFF"",""Sensor PTO4-OFF""]",17485,In-transit,6/28/2024 14:37,16,147 - PUBLIC WORKS,147 - PUBLIC WORKS
64742,6/28/2024 14:38,119,Moving,41.613797,-87.434559,0,"[""Sensor PTO1-OFF"",""Sensor PTO2-OFF"",""Sensor PTO4-OFF""]",17486,In-transit,6/28/2024 14:37,14,147 - PUBLIC WORKS,147 - PUBLIC WORKS
64770,6/28/2024 14:38,85,Moving,41.613771,-87.433885,0,"[""Sensor PTO1-OFF"",""Sensor PTO2-OFF"",""Sensor PTO4-OFF""]",17487,In-transit,6/28/2024 14:37,12,147 - PUBLIC WORKS,147 - PUBLIC WORKS
64813,6/28/2024 14:38,319,Moving,41.613856,-87.43342,0,"[""Sensor PTO1-OFF"",""Sensor PTO2-OFF"",""Sensor PTO4-OFF""]",17488,In-transit,6/28/2024 14:38,10,147 - PUBLIC WORKS,147 - PUBLIC WORKS
64910,6/28/2024 14:38,98,Stop,41.613902,-87.433504,0,"[""Sensor PTO1-OFF"",""Sensor PTO2-OFF"",""Sensor PTO4-OFF""]",17489,In-transit,6/28/2024 14:38,0,147 - PUBLIC WORKS,147 - PUBLIC WORKS
64954,6/28/2024 14:39,98,Idle,41.613886,-87.433517,0,"[""Sensor PTO1-OFF"",""Sensor PTO2-OFF"",""Sensor PTO4-OFF""]",17490,In-transit,6/28/2024 14:38,0,147 - PUBLIC WORKS,147 - PUBLIC WORKS
65008,6/28/2024 14:39,98,Idle,41.613898,-87.433533,0,"[""Sensor PTO1-OFF"",""Sensor PTO2-OFF"",""Sensor PTO4-OFF""]",17491,In-transit,6/28/2024 14:39,0,147 - PUBLIC WORKS,147 - PUBLIC WORKS
65068,6/28/2024 14:39,98,Idle,41.613899,-87.433537,0,"[""Sensor PTO1-OFF"",""Sensor PTO2-OFF"",""Sensor PTO4-OFF""]",17492,In-transit,6/28/2024 14:39,0,147 - PUBLIC WORKS,147 - PUBLIC WORKS
65116,6/28/2024 14:39,98,Idle,41.6139,-87.433533,0,"[""Sensor PTO1-OFF"",""Sensor PTO2-OFF"",""Sensor PTO4-OFF""]",17493,In-transit,6/28/2024 14:39,0,147 - PUBLIC WORKS,147 - PUBLIC WORKS
65166,6/28/2024 14:40,98,Idle,41.613904,-87.433516,0,"[""Sensor PTO1-OFF"",""Sensor PTO2-OFF"",""Sensor PTO4-OFF""]",17494,In-transit,6/28/2024 14:39,0,147 - PUBLIC WORKS,147 - PUBLIC WORKS
65178,6/28/2024 14:40,98,Stop,41.613904,-87.433513,0,"[""Sensor PTO1-OFF"",""Sensor PTO2-OFF"",""Sensor PTO4-OFF""]",17495,In-transit,6/28/2024 14:39,0,147 - PUBLIC WORKS,147 - PUBLIC WORKS
65179,6/28/2024 14:40,98,Stop,41.613904,-87.433513,0,"[""Sensor PTO1-OFF"",""Sensor PTO2-OFF"",""Sensor PTO4-OFF""]",17496,In-transit,6/28/2024 14:39,0,147 - PUBLIC WORKS,147 - PUBLIC WORKS
